INSERT INTO public."Reader" VALUES(1, 'Zobel', 'Ranae', 'Oshkosh, Susan Drive, 86, 734', TO_DATE('8.1.1988', 'dd-mm-yyyy'));
INSERT INTO public."Reader" VALUES(2, 'Masztal', 'Tierra', 'South Plymouth, Lorence Road, 88, 326', TO_DATE('18.9.1964', 'dd-mm-yyyy'));
INSERT INTO public."Reader" VALUES(3, 'Bofinger', 'Tawanda', 'Camp Dix, Dundee Road, 62, 578', TO_DATE('5.6.1997', 'dd-mm-yyyy'));
INSERT INTO public."Reader" VALUES(4, 'Spraberry', 'Linette', 'Dunnigan, Sheffield Lane, 14, 487', TO_DATE('7.8.1978', 'dd-mm-yyyy'));
INSERT INTO public."Reader" VALUES(5, 'Arancibia', 'Michaela', 'Kentfield, Sunset Circle, 94, 126', TO_DATE('1.6.1952', 'dd-mm-yyyy'));
INSERT INTO public."Reader" VALUES(6, 'Moravek', 'Myrl', 'Manzanita, Kirkwood Lane North, 8, 241', TO_DATE('30.5.1999', 'dd-mm-yyyy'));
INSERT INTO public."Reader" VALUES(7, 'Dosh', 'Theodora', 'Fort Bidwell, Gordon Drive, 87, 49', TO_DATE('5.9.1989', 'dd-mm-yyyy'));
INSERT INTO public."Reader" VALUES(8, 'Bron', 'Allyn', 'Simpsonville, Muirfield Lane, 44, 471', TO_DATE('31.7.2013', 'dd-mm-yyyy'));
INSERT INTO public."Reader" VALUES(9, 'Lebrecque', 'Lucila', 'Ainsworth, Indian Chief Road, 69, 620', TO_DATE('23.1.1954', 'dd-mm-yyyy'));
INSERT INTO public."Reader" VALUES(10, 'Stiver', 'Jami', 'Birchrunville, McCauley Trail South, 74, 639', TO_DATE('27.7.1989', 'dd-mm-yyyy'));
INSERT INTO public."Reader" VALUES(11, 'Stoviak', 'Deanne', 'Griffin, Beacon Hill Road, 70, 715', TO_DATE('16.8.2010', 'dd-mm-yyyy'));
INSERT INTO public."Reader" VALUES(12, 'Riehm', 'Ty', 'Corriganville, Clear Spring Drive, 89, 521', TO_DATE('3.6.1946', 'dd-mm-yyyy'));
INSERT INTO public."Reader" VALUES(13, 'Lahmann', 'Cherise', 'Wymore, Barberry Lane, 43, 942', TO_DATE('8.7.1977', 'dd-mm-yyyy'));
INSERT INTO public."Reader" VALUES(14, 'Mckaskle', 'Cassandra', 'Tompkinsville, Smetana Drive, 2, 349', TO_DATE('8.6.1954', 'dd-mm-yyyy'));
INSERT INTO public."Reader" VALUES(15, 'Vandel', 'Maurita', 'Zion, Harrison Avenue South, 44, 19', TO_DATE('24.2.1948', 'dd-mm-yyyy'));
INSERT INTO public."Reader" VALUES(16, 'Malsch', 'Rosalia', 'Lewis, Lawndale Lane North, 85, 853', TO_DATE('13.4.1958', 'dd-mm-yyyy'));
INSERT INTO public."Reader" VALUES(17, 'Guiney', 'Kimberely', 'Brooten, Creekside Court, 56, 915', TO_DATE('12.12.2011', 'dd-mm-yyyy'));
INSERT INTO public."Reader" VALUES(18, 'Stgerard', 'Chris', 'Scottsmoor, Timber Woods Lane, 76, 653', TO_DATE('19.10.2011', 'dd-mm-yyyy'));
INSERT INTO public."Reader" VALUES(19, 'Elizando', 'Loren', 'Weyers Cave, Hanus Road, 18, 253', TO_DATE('6.6.1984', 'dd-mm-yyyy'));
INSERT INTO public."Reader" VALUES(20, 'Janulewicz', 'Bennie', 'Lake Mills, Sussex Place, 56, 264', TO_DATE('1.9.1985', 'dd-mm-yyyy'));
INSERT INTO public."Reader" VALUES(21, 'Blow', 'Tona', 'Sonoma, Empire Lane North, 50, 356', TO_DATE('19.10.1979', 'dd-mm-yyyy'));
INSERT INTO public."Reader" VALUES(22, 'Cardi', 'Fidelia', 'Nisbet, Rockford Road, 62, 911', TO_DATE('4.4.1952', 'dd-mm-yyyy'));
INSERT INTO public."Reader" VALUES(23, 'Pilapil', 'Fermin', 'Four States, Dublin Circle, 61, 135', TO_DATE('12.11.1942', 'dd-mm-yyyy'));
INSERT INTO public."Reader" VALUES(24, 'Widdoes', 'Miesha', 'Mounds, 7 Oaks Court, 86, 383', TO_DATE('28.1.1997', 'dd-mm-yyyy'));
INSERT INTO public."Reader" VALUES(25, 'Martucci', 'Zula', 'North Windham, Wintergreen Court, 15, 243', TO_DATE('9.11.1964', 'dd-mm-yyyy'));
INSERT INTO public."Reader" VALUES(26, 'Nicholson', 'James', 'Los Altos, Flying Cloud Drive, 76, 750', TO_DATE('30.11.1994', 'dd-mm-yyyy'));
INSERT INTO public."Reader" VALUES(27, 'Zanco', 'Mittie', 'Pooler, Opportunity Court, 68, 418', TO_DATE('29.5.2001', 'dd-mm-yyyy'));
INSERT INTO public."Reader" VALUES(28, 'Krouse', 'Dorene', 'Franklin Lakes, Baney Court, 91, 321', TO_DATE('21.11.1985', 'dd-mm-yyyy'));
INSERT INTO public."Reader" VALUES(29, 'Kosowski', 'Sherise', 'West Burke, Victoria Street, 51, 391', TO_DATE('20.1.2003', 'dd-mm-yyyy'));
INSERT INTO public."Reader" VALUES(30, 'Maginnis', 'Earline', 'Turnerville, Beachside Drive, 60, 741', TO_DATE('25.12.1978', 'dd-mm-yyyy'));
INSERT INTO public."Reader" VALUES(31, 'Norby', 'Maddie', 'La Mesa, Mark Terrace Drive, 37, 964', TO_DATE('13.2.1950', 'dd-mm-yyyy'));
INSERT INTO public."Reader" VALUES(32, 'Godley', 'Danika', 'Bernardston, Rogers Drive, 37, 74', TO_DATE('10.10.1995', 'dd-mm-yyyy'));
INSERT INTO public."Reader" VALUES(33, 'Calcagno', 'Willene', 'Braselton, Orchid Lane North, 35, 267', TO_DATE('3.7.1969', 'dd-mm-yyyy'));
INSERT INTO public."Reader" VALUES(34, 'Glanzer', 'Alba', 'Pattison, 7th Street South, 8, 877', TO_DATE('29.12.1978', 'dd-mm-yyyy'));
INSERT INTO public."Reader" VALUES(35, 'Guidice', 'Hector', 'Molina, 48th Place North, 29, 142', TO_DATE('16.6.1999', 'dd-mm-yyyy'));
INSERT INTO public."Reader" VALUES(36, 'Schaen', 'Billye', 'West Finley, Temple Drive North, 41, 991', TO_DATE('7.4.1990', 'dd-mm-yyyy'));
INSERT INTO public."Reader" VALUES(37, 'Noonon', 'Julieta', 'Putney, Turnberry Circle, 16, 949', TO_DATE('21.12.1963', 'dd-mm-yyyy'));
INSERT INTO public."Reader" VALUES(38, 'Mudra', 'Emilie', 'Indian Lake Estates, Park Terrace Drive, 20, 682', TO_DATE('14.2.2013', 'dd-mm-yyyy'));
INSERT INTO public."Reader" VALUES(39, 'Gossman', 'Kimi', 'Voca, Peteler Lane, 84, 655', TO_DATE('12.4.1982', 'dd-mm-yyyy'));
INSERT INTO public."Reader" VALUES(40, 'Bernson', 'Clorinda', 'Kaneville, Saxony Road, 29, 535', TO_DATE('5.10.1992', 'dd-mm-yyyy'));
INSERT INTO public."Reader" VALUES(41, 'Macmullen', 'Romelia', 'Siloam Springs, 54th Avenue North, 36, 316', TO_DATE('27.9.1959', 'dd-mm-yyyy'));
INSERT INTO public."Reader" VALUES(42, 'Dominico', 'Keli', 'Cocoa Beach, Birch Road, 64, 890', TO_DATE('25.12.1959', 'dd-mm-yyyy'));
INSERT INTO public."Reader" VALUES(43, 'Ostolaza', 'Marty', 'Heber, Leemans Drive, 16, 259', TO_DATE('1.6.1972', 'dd-mm-yyyy'));
INSERT INTO public."Reader" VALUES(44, 'Kahana', 'Soraya', 'Evans City, Woodhaven Road, 15, 825', TO_DATE('5.2.1978', 'dd-mm-yyyy'));
INSERT INTO public."Reader" VALUES(45, 'Bellas', 'Shauna', 'Tidioute, Ridgewood Road, 55, 883', TO_DATE('6.6.2011', 'dd-mm-yyyy'));
INSERT INTO public."Reader" VALUES(46, 'Wunder', 'Shanda', 'Riverdale, McCauley Circle, 48, 97', TO_DATE('11.8.1972', 'dd-mm-yyyy'));
INSERT INTO public."Reader" VALUES(47, 'Buono', 'Barabara', 'Dowell, Bell Circle, 49, 792', TO_DATE('23.4.1999', 'dd-mm-yyyy'));
INSERT INTO public."Reader" VALUES(48, 'Lighty', 'Ghislaine', 'Seneca Rocks, Quantico Lane North, 93, 306', TO_DATE('30.8.1945', 'dd-mm-yyyy'));
INSERT INTO public."Reader" VALUES(49, 'Jiminian', 'Francene', 'Calhoun Falls, Heathbrook Drive, 59, 9', TO_DATE('6.3.1946', 'dd-mm-yyyy'));
INSERT INTO public."Reader" VALUES(50, 'Helstrom', 'Jane', 'Atchison, Dakota Trail, 90, 174', TO_DATE('12.1.1973', 'dd-mm-yyyy'));
INSERT INTO public."Reader" VALUES(51, 'Jochems', 'Kylie', 'Sebring, Belmore Lane, 8, 322', TO_DATE('14.4.1959', 'dd-mm-yyyy'));
INSERT INTO public."Reader" VALUES(52, 'Kishel', 'Ruby', 'Winnabow, 7th Street South, 49, 285', TO_DATE('22.3.2010', 'dd-mm-yyyy'));
INSERT INTO public."Reader" VALUES(53, 'Lopardo', 'Raeann', 'Ocheyedan, Cranberry Lane, 98, 166', TO_DATE('25.11.1966', 'dd-mm-yyyy'));
INSERT INTO public."Reader" VALUES(54, 'Cal', 'Judi', 'Peabody, Holly Road, 24, 562', TO_DATE('18.6.1976', 'dd-mm-yyyy'));
INSERT INTO public."Reader" VALUES(55, 'Lave', 'Mi', 'Boothbay Harbor, Glen Avenue, 54, 576', TO_DATE('12.2.1955', 'dd-mm-yyyy'));
INSERT INTO public."Reader" VALUES(56, 'Armistead', 'Marceline', 'Roff, Mainstreet, 75, 878', TO_DATE('1.1.1984', 'dd-mm-yyyy'));
INSERT INTO public."Reader" VALUES(57, 'Galecki', 'Hae', 'Old Bridge, Walden Road, 67, 151', TO_DATE('5.2.2004', 'dd-mm-yyyy'));
INSERT INTO public."Reader" VALUES(58, 'Hawbaker', 'Roselia', 'Grand Rivers, Lorence Road, 71, 539', TO_DATE('19.1.1999', 'dd-mm-yyyy'));
INSERT INTO public."Reader" VALUES(59, 'Lafond', 'Harland', 'Loysville, Highview Place, 82, 855', TO_DATE('5.4.1992', 'dd-mm-yyyy'));
INSERT INTO public."Reader" VALUES(60, 'Oshey', 'Paul', 'Hope, Edenwood Drive, 6, 576', TO_DATE('27.9.1990', 'dd-mm-yyyy'));
INSERT INTO public."Reader" VALUES(61, 'Cawthon', 'Letisha', 'Gardenville, Schmidt Lake Road, 19, 219', TO_DATE('16.6.1960', 'dd-mm-yyyy'));
INSERT INTO public."Reader" VALUES(62, 'Boesen', 'Shirleen', 'Vale, Upland Lane North, 96, 659', TO_DATE('3.8.1977', 'dd-mm-yyyy'));
INSERT INTO public."Reader" VALUES(63, 'Spraque', 'Caron', 'Sapulpa, Cascade Circle, 82, 268', TO_DATE('5.9.1960', 'dd-mm-yyyy'));
INSERT INTO public."Reader" VALUES(64, 'Brazil', 'Sang', 'Madison Lake, Holly Lane North, 69, 190', TO_DATE('9.5.2001', 'dd-mm-yyyy'));
INSERT INTO public."Reader" VALUES(65, 'Tasker', 'Courtney', 'Elsie, Lorence Way, 29, 948', TO_DATE('6.1.2006', 'dd-mm-yyyy'));
INSERT INTO public."Reader" VALUES(66, 'Dorio', 'Tanika', 'Debord, Chennault Way, 77, 194', TO_DATE('24.6.1999', 'dd-mm-yyyy'));
INSERT INTO public."Reader" VALUES(67, 'Possehl', 'Rina', 'Ireland, Norwood Drive, 49, 341', TO_DATE('25.12.1943', 'dd-mm-yyyy'));
INSERT INTO public."Reader" VALUES(68, 'Mayenschein', 'Maude', 'Kernville, Valley Forge Lane North, 91, 174', TO_DATE('20.10.1946', 'dd-mm-yyyy'));
INSERT INTO public."Reader" VALUES(69, 'Lieurance', 'Edna', 'Morris Plains, Whited Avenue, 34, 904', TO_DATE('24.9.1989', 'dd-mm-yyyy'));
INSERT INTO public."Reader" VALUES(70, 'Niesporek', 'Caroll', 'Arcanum, Annaway Drive, 52, 808', TO_DATE('23.11.2010', 'dd-mm-yyyy'));
INSERT INTO public."Reader" VALUES(71, 'Gouldsberry', 'Lakeesha', 'Killeen, Morningside Circle, 22, 513', TO_DATE('3.3.1964', 'dd-mm-yyyy'));
INSERT INTO public."Reader" VALUES(72, 'Omoto', 'Kerrie', 'Wishon, Dublin Circle, 86, 27', TO_DATE('12.11.1944', 'dd-mm-yyyy'));
INSERT INTO public."Reader" VALUES(73, 'Shumiloff', 'Arletta', 'Herrin, Chasewood Drive, 65, 257', TO_DATE('30.8.1993', 'dd-mm-yyyy'));
INSERT INTO public."Reader" VALUES(74, 'Nimmo', 'Cindy', 'State Line, Maple Leaf Drive, 65, 464', TO_DATE('29.6.1951', 'dd-mm-yyyy'));
INSERT INTO public."Reader" VALUES(75, 'Kanis', 'Leah', 'Progreso, Chasewood Drive, 3, 156', TO_DATE('27.7.1977', 'dd-mm-yyyy'));
INSERT INTO public."Reader" VALUES(76, 'Vessey', 'Kristeen', 'Takoma Park, 49th Avenue North, 6, 106', TO_DATE('19.3.1996', 'dd-mm-yyyy'));
INSERT INTO public."Reader" VALUES(77, 'Spadlin', 'Elliot', 'Parkersburg, Glenridge Road, 88, 113', TO_DATE('9.8.1948', 'dd-mm-yyyy'));
INSERT INTO public."Reader" VALUES(78, 'Statham', 'Yi', 'Essig, Bunker Court, 60, 155', TO_DATE('23.3.1950', 'dd-mm-yyyy'));
INSERT INTO public."Reader" VALUES(79, 'Inzerillo', 'Talitha', 'Havertown, Everest Lane North, 68, 895', TO_DATE('24.11.1951', 'dd-mm-yyyy'));
INSERT INTO public."Reader" VALUES(80, 'Neigh', 'Regenia', 'Cartersville, Orchard Road, 89, 91', TO_DATE('14.12.1965', 'dd-mm-yyyy'));
INSERT INTO public."Publisher" VALUES('Front-lineStand-aloneExpanded', 'Randalia, 42nd Court North, 45, 338');
INSERT INTO public."Publisher" VALUES('SharableOptimizedReverse-engineered', 'Grahamsville, Tonka Downs Drive, 58, 326');
INSERT INTO public."Publisher" VALUES('DevolvedUser-friendlyRe-engineered', 'Austwell, Lesley Lane, 45, 623');
INSERT INTO public."Publisher" VALUES('ConfigurableDown-sizedUniversal', 'Davis Station, Pheasant Court, 62, 460');
INSERT INTO public."Publisher" VALUES('Team-orientedGrass-rootsOrganized', 'Fuquay Varina, Park View Lane, 62, 595');
INSERT INTO public."Publisher" VALUES('Open-architectedIntuitiveIntuitive', 'Balaton, Juneau Lane North, 19, 536');
INSERT INTO public."Publisher" VALUES('Triple-bufferedOpen-sourceCompatible', 'Ceresco, Glenavon Avenue, 54, 849');
INSERT INTO public."Publisher" VALUES('Public-keyDecentralizedOrganized', 'Herbster, South Shore Lane, 17, 202');
INSERT INTO public."Publisher" VALUES('PhasedFundamentalEnhanced', 'Wellersburg, Mendelssohn Lane, 87, 929');
INSERT INTO public."Publisher" VALUES('DigitizedDevolvedRobust', 'Sergeant Bluff, Chapel Drive, 73, 656');
INSERT INTO public."Publisher" VALUES('OptionalFundamentalDistributed', 'Courtenay, Lexington Avenue, 9, 193');
INSERT INTO public."Publisher" VALUES('Public-keySharableSecured', 'Quitman, 48th Circle North, 61, 199');
INSERT INTO public."Publisher" VALUES('DiverseAdaptiveRealigned', 'Laurier, Highland Lawns Court, 39, 912');
INSERT INTO public."Publisher" VALUES('Business-focusedDigitizedMulti-channelled', 'Reading Center, Winchester Court, 61, 725');
INSERT INTO public."Publisher" VALUES('Future-proofedFully-configurableVersatile', 'Little Hocking, East Franklin Circle, 20, 132');
INSERT INTO public."Publisher" VALUES('SharableImplementedUser-centric', 'Lone Mountain, Vinewood Lane North, 1, 920');
INSERT INTO public."Publisher" VALUES('Object-basedInverseRobust', 'Medicine Lodge, Susan Drive, 73, 984');
INSERT INTO public."Publisher" VALUES('DevolvedBalancedPhased', 'Lindseyville, Chickadee Lane, 74, 489');
INSERT INTO public."Publisher" VALUES('DecentralizedRe-engineeredNetworked', 'Ewa Beach, Tracy Lynn Terrace, 47, 343');
INSERT INTO public."Publisher" VALUES('Object-basedStand-aloneSynchronised', 'Forest Hill, South Lane, 7, 388');
INSERT INTO public."Publisher" VALUES('PolarisedReverse-engineeredOpen-source', 'Ridge Spring, Excelsior Boulevard, 99, 559');
INSERT INTO public."Publisher" VALUES('Reverse-engineeredProgrammableInverse', 'Cape Neddick, Bristol Lane, 74, 175');
INSERT INTO public."Publisher" VALUES('ExclusiveGrass-rootsAssimilated', 'Robinsonville, Black Friars Lane, 64, 666');
INSERT INTO public."Publisher" VALUES('ProactiveMulti-channelledNetworked', 'Hanlontown, Grenier Road, 58, 2');
INSERT INTO public."Publisher" VALUES('OrganizedTriple-bufferedMulti-tiered', 'Encino, West 168th Avenue, 60, 550');
INSERT INTO public."Publisher" VALUES('Face to faceClonedCross-platform', 'Camptonville, Kerry Lane, 93, 391');
INSERT INTO public."Publisher" VALUES('CentralizedCentralizedUniversal', 'Missouri Valley, Padons Drive, 17, 251');
INSERT INTO public."Publisher" VALUES('Multi-layeredStand-aloneSecured', 'Keizer, Elm Drive, 72, 985');
INSERT INTO public."Publisher" VALUES('Front-lineAmelioratedSeamless', 'League City, Royal Court, 56, 176');
INSERT INTO public."Publisher" VALUES('ReducedUp-sizedDigitized', 'Saxton, Northwest Boulevard, 62, 967');
INSERT INTO public."Publisher" VALUES('ExtendedTotalOpen-architected', 'Melrose Park, Holly Road, 28, 567');
INSERT INTO public."Publisher" VALUES('ImplementedOrganizedVirtual', 'Picher, Hamilton Road, 75, 111');
INSERT INTO public."Publisher" VALUES('CentralizedPublic-keySynergized', 'Tatamy, Bristol Lane, 56, 982');
INSERT INTO public."Publisher" VALUES('BalancedFundamentalCross-group', 'Beech Bottom, Canterbury Drive, 22, 315');
INSERT INTO public."Publisher" VALUES('CustomizableRe-contextualizedInnovative', 'Iron Mountain, Grenier Road, 28, 200');
INSERT INTO public."Publisher" VALUES('Up-sizedFace to faceExpanded', 'White Heath, Shady Lane, 42, 926');
INSERT INTO public."Publisher" VALUES('MonitoredSecuredAmeliorated', 'Lenox, East Franklin Circle, 7, 677');
INSERT INTO public."Publisher" VALUES('ErgonomicFront-lineVersatile', 'Brookeville, Harbor Lane North, 98, 219');
INSERT INTO public."Publisher" VALUES('OrganicIntegratedGrass-roots', 'Smithville, Harbor Lane North, 25, 241');
INSERT INTO public."Publisher" VALUES('SwitchablePersistentEnhanced', 'Julesburg, Mayview Terrace, 91, 149');
INSERT INTO public."Book" VALUES(403883, 'Beatae', 'CatarinaFarness', 7314, 1906, 'OrganizedTriple-bufferedMulti-tiered');
INSERT INTO public."Book" VALUES(540479, 'Sem', 'HuldaPamperin', 7492, 1977, 'Up-sizedFace to faceExpanded');
INSERT INTO public."Book" VALUES(418653, 'Augue', 'GoldaMoselle', 14886, 2018, 'Future-proofedFully-configurableVersatile');
INSERT INTO public."Book" VALUES(880075, 'Omnis', 'KumBarca', 8294, 1982, 'ProactiveMulti-channelledNetworked');
INSERT INTO public."Book" VALUES(201654, 'Quas', 'SharronKliewer', 7704, 1963, 'BalancedFundamentalCross-group');
INSERT INTO public."Book" VALUES(698883, 'Eleifend', 'NealMcward', 46424, 1973, 'SharableOptimizedReverse-engineered');
INSERT INTO public."Book" VALUES(317089, 'Etiam', 'CarollMootispaw', 30726, 1941, 'DevolvedBalancedPhased');
INSERT INTO public."Book" VALUES(177847, 'Assumenda', 'MeeMcglothin', 46482, 1994, 'PolarisedReverse-engineeredOpen-source');
INSERT INTO public."Book" VALUES(700523, 'Turpis', 'ClaudiaCannuli', 18533, 1902, 'Business-focusedDigitizedMulti-channelled');
INSERT INTO public."Book" VALUES(290727, 'Duis', 'CristyArds', 5459, 1906, 'Front-lineAmelioratedSeamless');
INSERT INTO public."Book" VALUES(970913, 'Rutrum', 'MendySpidell', 18710, 1941, 'ExclusiveGrass-rootsAssimilated');
INSERT INTO public."Book" VALUES(884774, 'Inventore', 'KayleenTrolio', 16987, 1919, 'Front-lineStand-aloneExpanded');
INSERT INTO public."Book" VALUES(880909, 'Velitesse', 'EnidTell', 37255, 1938, 'SwitchablePersistentEnhanced');
INSERT INTO public."Book" VALUES(296227, 'Molestias', 'LannySchmeisser', 29494, 1983, 'SharableOptimizedReverse-engineered');
INSERT INTO public."Book" VALUES(828323, 'Sociis', 'BrandenWillen', 14722, 1986, 'PhasedFundamentalEnhanced');
INSERT INTO public."Book" VALUES(438295, 'Iste', 'KyleSnaza', 22190, 2016, 'CentralizedPublic-keySynergized');
INSERT INTO public."Book" VALUES(554277, 'Aut', 'PameliaPemberton', 42867, 1938, 'Object-basedInverseRobust');
INSERT INTO public."Book" VALUES(447124, 'Est', 'KeiraBrierley', 36613, 1987, 'CentralizedCentralizedUniversal');
INSERT INTO public."Book" VALUES(679405, 'Quia', 'CoreyNight', 32656, 1964, 'DevolvedUser-friendlyRe-engineered');
INSERT INTO public."Book" VALUES(46651, 'Montes', 'TerryKelleher', 22299, 1998, 'DevolvedBalancedPhased');
INSERT INTO public."Book" VALUES(931256, 'Aliquet', 'TifanyBuffey', 17924, 1922, 'ReducedUp-sizedDigitized');
INSERT INTO public."Book" VALUES(229859, 'Ad', 'ShavonneChall', 18576, 1974, 'SharableImplementedUser-centric');
INSERT INTO public."Book" VALUES(495546, 'Odio', 'TaniaPreza', 49628, 1964, 'ExtendedTotalOpen-architected');
INSERT INTO public."Book" VALUES(186189, 'Reiciendis', 'KevaMcdugle', 21210, 1991, 'PolarisedReverse-engineeredOpen-source');
INSERT INTO public."Book" VALUES(6667, 'Iaculis', 'ManualWeipert', 24907, 2017, 'PolarisedReverse-engineeredOpen-source');
INSERT INTO public."Book" VALUES(687299, 'Nisl', 'MaryannMurad', 26940, 2012, 'DevolvedBalancedPhased');
INSERT INTO public."Book" VALUES(127769, 'Dui', 'MiriamVerdejo', 46004, 1981, 'ExclusiveGrass-rootsAssimilated');
INSERT INTO public."Book" VALUES(416960, 'Placeat', 'DonaldKolinski', 14232, 1982, 'ReducedUp-sizedDigitized');
INSERT INTO public."Book" VALUES(378456, 'Quod', 'DionnaKichline', 21166, 1928, 'PhasedFundamentalEnhanced');
INSERT INTO public."Book" VALUES(122068, 'Penatibus', 'ChantelleStroker', 32467, 2004, 'CentralizedPublic-keySynergized');
INSERT INTO public."Copy" VALUES(403883, 1, 55);
INSERT INTO public."Copy" VALUES(540479, 1, 318);
INSERT INTO public."Copy" VALUES(418653, 1, 217);
INSERT INTO public."Copy" VALUES(418653, 2, 41);
INSERT INTO public."Copy" VALUES(418653, 3, 493);
INSERT INTO public."Copy" VALUES(880075, 1, 356);
INSERT INTO public."Copy" VALUES(880075, 2, 353);
INSERT INTO public."Copy" VALUES(880075, 3, 59);
INSERT INTO public."Copy" VALUES(201654, 1, 413);
INSERT INTO public."Copy" VALUES(201654, 2, 335);
INSERT INTO public."Copy" VALUES(201654, 3, 352);
INSERT INTO public."Copy" VALUES(201654, 4, 670);
INSERT INTO public."Copy" VALUES(698883, 1, 199);
INSERT INTO public."Copy" VALUES(317089, 1, 216);
INSERT INTO public."Copy" VALUES(317089, 2, 143);
INSERT INTO public."Copy" VALUES(317089, 3, 386);
INSERT INTO public."Copy" VALUES(317089, 4, 308);
INSERT INTO public."Copy" VALUES(177847, 1, 489);
INSERT INTO public."Copy" VALUES(700523, 1, 4);
INSERT INTO public."Copy" VALUES(290727, 1, 511);
INSERT INTO public."Copy" VALUES(290727, 2, 286);
INSERT INTO public."Copy" VALUES(290727, 3, 190);
INSERT INTO public."Copy" VALUES(970913, 1, 520);
INSERT INTO public."Copy" VALUES(970913, 2, 263);
INSERT INTO public."Copy" VALUES(970913, 3, 578);
INSERT INTO public."Copy" VALUES(970913, 4, 207);
INSERT INTO public."Copy" VALUES(884774, 1, 479);
INSERT INTO public."Copy" VALUES(884774, 2, 262);
INSERT INTO public."Copy" VALUES(884774, 3, 480);
INSERT INTO public."Copy" VALUES(884774, 4, 471);
INSERT INTO public."Copy" VALUES(880909, 1, 2);
INSERT INTO public."Copy" VALUES(296227, 1, 238);
INSERT INTO public."Copy" VALUES(296227, 2, 195);
INSERT INTO public."Copy" VALUES(828323, 1, 450);
INSERT INTO public."Copy" VALUES(828323, 2, 28);
INSERT INTO public."Copy" VALUES(828323, 3, 254);
INSERT INTO public."Copy" VALUES(438295, 1, 256);
INSERT INTO public."Copy" VALUES(438295, 2, 67);
INSERT INTO public."Copy" VALUES(438295, 3, 350);
INSERT INTO public."Copy" VALUES(554277, 1, 368);
INSERT INTO public."Copy" VALUES(554277, 2, 524);
INSERT INTO public."Copy" VALUES(554277, 3, 237);
INSERT INTO public."Copy" VALUES(554277, 4, 630);
INSERT INTO public."Copy" VALUES(447124, 1, 37);
INSERT INTO public."Copy" VALUES(679405, 1, 692);
INSERT INTO public."Copy" VALUES(679405, 2, 71);
INSERT INTO public."Copy" VALUES(679405, 3, 164);
INSERT INTO public."Copy" VALUES(679405, 4, 192);
INSERT INTO public."Copy" VALUES(46651, 1, 150);
INSERT INTO public."Copy" VALUES(931256, 1, 146);
INSERT INTO public."Copy" VALUES(931256, 2, 670);
INSERT INTO public."Copy" VALUES(931256, 3, 370);
INSERT INTO public."Copy" VALUES(229859, 1, 59);
INSERT INTO public."Copy" VALUES(229859, 2, 445);
INSERT INTO public."Copy" VALUES(229859, 3, 19);
INSERT INTO public."Copy" VALUES(229859, 4, 385);
INSERT INTO public."Copy" VALUES(495546, 1, 543);
INSERT INTO public."Copy" VALUES(186189, 1, 415);
INSERT INTO public."Copy" VALUES(186189, 2, 254);
INSERT INTO public."Copy" VALUES(6667, 1, 257);
INSERT INTO public."Copy" VALUES(6667, 2, 524);
INSERT INTO public."Copy" VALUES(6667, 3, 633);
INSERT INTO public."Copy" VALUES(687299, 1, 171);
INSERT INTO public."Copy" VALUES(687299, 2, 377);
INSERT INTO public."Copy" VALUES(687299, 3, 210);
INSERT INTO public."Copy" VALUES(127769, 1, 463);
INSERT INTO public."Copy" VALUES(127769, 2, 549);
INSERT INTO public."Copy" VALUES(127769, 3, 204);
INSERT INTO public."Copy" VALUES(416960, 1, 498);
INSERT INTO public."Copy" VALUES(416960, 2, 133);
INSERT INTO public."Copy" VALUES(416960, 3, 630);
INSERT INTO public."Copy" VALUES(378456, 1, 46);
INSERT INTO public."Copy" VALUES(122068, 1, 294);
INSERT INTO public."Category" VALUES('Voluptatibus', null);
INSERT INTO public."Category" VALUES('Culpa', null);
INSERT INTO public."Category" VALUES('Habitant', null);
INSERT INTO public."Category" VALUES('Lacinia', null);
INSERT INTO public."Category" VALUES('Praesent', null);
INSERT INTO public."Category" VALUES('Sit', null);
INSERT INTO public."Category" VALUES('Distinctio', null);
INSERT INTO public."Category" VALUES('Provident', null);
INSERT INTO public."Category" VALUES('Tenetur', 'Distinctio');
INSERT INTO public."Category" VALUES('Alias', 'Praesent');
INSERT INTO public."Category" VALUES('Hac', 'Provident');
INSERT INTO public."Category" VALUES('Ligula', 'Provident');
INSERT INTO public."Category" VALUES('Tortor', 'Praesent');
INSERT INTO public."Category" VALUES('Montes', 'Montes');
INSERT INTO public."Category" VALUES('Incidunt', 'Sit');
INSERT INTO public."Category" VALUES('Adipisci', 'Praesent');
INSERT INTO public."Category" VALUES('Qui', 'Hac');
INSERT INTO public."Category" VALUES('Volutpat', 'Qui');
INSERT INTO public."Borrowing" VALUES(67, 679405, 4, TO_DATE('30.12.2021', 'dd-mm-yyyy'));
INSERT INTO public."Borrowing" VALUES(36, 931256, 3, TO_DATE('30.12.2021', 'dd-mm-yyyy'));
INSERT INTO public."Borrowing" VALUES(37, 554277, 3, TO_DATE('11.3.2022', 'dd-mm-yyyy'));
INSERT INTO public."Borrowing" VALUES(31, 6667, 3, TO_DATE('23.2.2022', 'dd-mm-yyyy'));
INSERT INTO public."Borrowing" VALUES(26, 884774, 3, TO_DATE('5.12.2021', 'dd-mm-yyyy'));
INSERT INTO public."Borrowing" VALUES(16, 296227, 2, TO_DATE('29.1.2022', 'dd-mm-yyyy'));
INSERT INTO public."Borrowing" VALUES(35, 229859, 2, TO_DATE('27.11.2021', 'dd-mm-yyyy'));
INSERT INTO public."Borrowing" VALUES(71, 700523, 1, TO_DATE('25.1.2022', 'dd-mm-yyyy'));
INSERT INTO public."Borrowing" VALUES(41, 186189, 2, TO_DATE('15.2.2022', 'dd-mm-yyyy'));
INSERT INTO public."Borrowing" VALUES(18, 378456, 1, TO_DATE('19.3.2022', 'dd-mm-yyyy'));
INSERT INTO public."Borrowing" VALUES(57, 201654, 3, TO_DATE('10.2.2022', 'dd-mm-yyyy'));
INSERT INTO public."Borrowing" VALUES(29, 290727, 3, TO_DATE('21.1.2022', 'dd-mm-yyyy'));
INSERT INTO public."Borrowing" VALUES(47, 880075, 2, TO_DATE('24.1.2022', 'dd-mm-yyyy'));
INSERT INTO public."Borrowing" VALUES(32, 880075, 3, TO_DATE('17.12.2021', 'dd-mm-yyyy'));
INSERT INTO public."Borrowing" VALUES(55, 931256, 2, TO_DATE('15.1.2022', 'dd-mm-yyyy'));
INSERT INTO public."Borrowing" VALUES(38, 290727, 3, TO_DATE('11.3.2022', 'dd-mm-yyyy'));
INSERT INTO public."Borrowing" VALUES(28, 416960, 1, TO_DATE('21.12.2021', 'dd-mm-yyyy'));
INSERT INTO public."Borrowing" VALUES(3, 554277, 1, TO_DATE('8.3.2022', 'dd-mm-yyyy'));
INSERT INTO public."Borrowing" VALUES(70, 438295, 2, TO_DATE('24.2.2022', 'dd-mm-yyyy'));
INSERT INTO public."Borrowing" VALUES(15, 828323, 1, TO_DATE('3.1.2022', 'dd-mm-yyyy'));
INSERT INTO public."Borrowing" VALUES(77, 186189, 1, TO_DATE('28.12.2021', 'dd-mm-yyyy'));
INSERT INTO public."Borrowing" VALUES(56, 290727, 1, TO_DATE('2.1.2022', 'dd-mm-yyyy'));
INSERT INTO public."Borrowing" VALUES(1, 127769, 1, TO_DATE('2.1.2022', 'dd-mm-yyyy'));
INSERT INTO public."Borrowing" VALUES(76, 679405, 1, TO_DATE('23.1.2022', 'dd-mm-yyyy'));
INSERT INTO public."Borrowing" VALUES(69, 884774, 1, TO_DATE('8.3.2022', 'dd-mm-yyyy'));
INSERT INTO public."Borrowing" VALUES(2, 554277, 2, TO_DATE('17.3.2022', 'dd-mm-yyyy'));
INSERT INTO public."Borrowing" VALUES(57, 296227, 2, TO_DATE('2.12.2021', 'dd-mm-yyyy'));
INSERT INTO public."Borrowing" VALUES(66, 317089, 3, TO_DATE('26.2.2022', 'dd-mm-yyyy'));
INSERT INTO public."Borrowing" VALUES(46, 970913, 2, TO_DATE('2.12.2021', 'dd-mm-yyyy'));
INSERT INTO public."Borrowing" VALUES(41, 6667, 1, TO_DATE('13.12.2021', 'dd-mm-yyyy'));
INSERT INTO public."BookCat" VALUES(403883, 'Tenetur');
INSERT INTO public."BookCat" VALUES(540479, 'Habitant');
INSERT INTO public."BookCat" VALUES(418653, 'Distinctio');
INSERT INTO public."BookCat" VALUES(880075, 'Qui');
INSERT INTO public."BookCat" VALUES(201654, 'Volutpat');
INSERT INTO public."BookCat" VALUES(698883, 'Incidunt');
INSERT INTO public."BookCat" VALUES(317089, 'Praesent');
INSERT INTO public."BookCat" VALUES(177847, 'Provident');
INSERT INTO public."BookCat" VALUES(700523, 'Culpa');
INSERT INTO public."BookCat" VALUES(290727, 'Tenetur');
INSERT INTO public."BookCat" VALUES(970913, 'Ligula');
INSERT INTO public."BookCat" VALUES(884774, 'Ligula');
INSERT INTO public."BookCat" VALUES(880909, 'Alias');
INSERT INTO public."BookCat" VALUES(296227, 'Habitant');
INSERT INTO public."BookCat" VALUES(828323, 'Culpa');
INSERT INTO public."BookCat" VALUES(438295, 'Distinctio');
INSERT INTO public."BookCat" VALUES(554277, 'Tortor');
INSERT INTO public."BookCat" VALUES(447124, 'Qui');
INSERT INTO public."BookCat" VALUES(679405, 'Qui');
INSERT INTO public."BookCat" VALUES(46651, 'Tenetur');
INSERT INTO public."BookCat" VALUES(931256, 'Alias');
INSERT INTO public."BookCat" VALUES(229859, 'Tortor');
INSERT INTO public."BookCat" VALUES(495546, 'Distinctio');
INSERT INTO public."BookCat" VALUES(186189, 'Tortor');
INSERT INTO public."BookCat" VALUES(6667, 'Ligula');
INSERT INTO public."BookCat" VALUES(687299, 'Voluptatibus');
INSERT INTO public."BookCat" VALUES(127769, 'Habitant');
INSERT INTO public."BookCat" VALUES(416960, 'Adipisci');
INSERT INTO public."BookCat" VALUES(378456, 'Tortor');
INSERT INTO public."BookCat" VALUES(122068, 'Ligula');